Author,Message,Timestamp
Madso,wow how can life be this good,11/04/2023 21:48:57
Madso,its a wonderful day,11/04/2023 22:53:51
Madso,its raining men halleuja,11/04/2023 23:09:44
Madso,its raining men halleujaaaaaaaaaaaa,11/04/2023 23:12:39
Madso,its raining men halleuja,11/04/2023 23:12:43
Madso,waooooouw its a wonderfull world,11/04/2023 23:15:10
Madso,hej med her alle sammne,11/04/2023 23:58:25
Madso,Nicolas Cage is cool,11/05/2023 00:29:16
Madso,howdy partner how yall doing,11/05/2023 13:04:31
